{"cameraMode":{"drawMode":0,"name":"Shaded","section":"Shading Mode"},"sceneLighting":false,"audioPlay":false,"sceneViewState":{"m_AlwaysRefresh":false,"showFog":true,"showSkybox":false,"showFlares":true,"showImageEffects":true,"showParticleSystems":true,"showVisualEffectGraphs":true,"m_FxEnabled":true},"in2DMode":false,"pivot":{"x":-10.014036178588868,"y":12.670886039733887,"z":35.28059768676758},"rotation":{"x":0.18492352962493897,"y":-0.008253199979662896,"z":0.001552967238239944,"w":0.9827216267585754},"size":4.6283674240112309,"orthographic":false}