{"cameraMode":{"drawMode":0,"name":"Shaded","section":"Shading Mode"},"sceneLighting":false,"audioPlay":false,"sceneViewState":{"m_AlwaysRefresh":false,"showFog":true,"showSkybox":false,"showFlares":true,"showImageEffects":true,"showParticleSystems":true,"showVisualEffectGraphs":true,"m_FxEnabled":true},"in2DMode":false,"pivot":{"x":0.2839544117450714,"y":1.3997975587844849,"z":-2.684684991836548},"rotation":{"x":-0.3918490707874298,"y":0.16609850525856019,"z":-0.07215576618909836,"w":-0.9020366072654724},"size":0.45914897322654726,"orthographic":false}